{"counting": {"mean": [0.2838487972508591, 0.35189003436426114, 0.3972508591065292, 0.4302405498281788, 0.4611683848797251], "std": [0.017057970647410124, 0.024742268041237112, 0.021690355791147083, 0.024531365357491057, 0.023041999469745982]}, "precalculus": {"mean": [0.1692307692307692, 0.22948717948717948, 0.2628205128205128, 0.2858974358974359, 0.31153846153846154], "std": [0.010415433852097386, 0.021221724816983138, 0.02145282119318142, 0.017484848329469047, 0.009593993299420369]}, "prealgebra": {"mean": [0.35911949685534583, 0.44937106918238995, 0.5047169811320755, 0.5437106918238994, 0.5729559748427673], "std": [0.01761006289308178, 0.010911541869746836, 0.005167193938727988, 0.009814142474419628, 0.00817610062893083]}, "number": {"mean": [0.30985915492957744, 0.3927565392354125, 0.4450704225352113, 0.48289738430583495, 0.5167002012072434], "std": [0.016737733877734747, 0.009724785491826617, 0.010827866436276637, 0.005546900906273735, 0.010369495957122821]}, "geometry": {"mean": [0.08860759493670886, 0.1569620253164557, 0.1873417721518987, 0.2151898734177215, 0.24303797468354432], "std": [0.017901437498393607, 0.021415320743374718, 0.01821690560752988, 0.019243467090280818, 0.013763296565654098]}, "intermediate": {"mean": [0.12166998011928429, 0.18449304174950298, 0.2182902584493042, 0.2481113320079523, 0.2719681908548708], "std": [0.009358729459991905, 0.012020848077797993, 0.01989661392158537, 0.026891194304430887, 0.030187280948075244]}, "algebra": {"mean": [0.287627695800227, 0.3641316685584563, 0.4124858115777525, 0.44449489216799093, 0.4715096481271283], "std": [0.010243372688016774, 0.009853591107473646, 0.005814414744547418, 0.007515525701360657, 0.006719023194982404]}}