{"counting": {"mean": [0.15670103092783502, 0.18281786941580752, 0.19656357388316154, 0.2020618556701031, 0.21237113402061855, 0.21718213058419247, 0.21649484536082478, 0.21168384879725086, 0.21649484536082478, 0.21649484536082472, 0.21786941580756017, 0.22268041237113403, 0.229553264604811, 0.23711340206185566, 0.23573883161512027], "std": [0.023164672915948755, 0.025660693749270748, 0.016750594648733935, 0.017710101342577486, 0.012560595795530632, 0.007338198111361726, 0.008417490525028104, 0.005143171665668651, 0.0021733867080195057, 0.008132068430377478, 0.004661395177405683, 0.004007527075495049, 0.0070089615307117265, 0.006147265917525195, 0.004123711340206192]}, "precalculus": {"mean": [0.05641025641025641, 0.08846153846153847, 0.1, 0.10897435897435896, 0.12307692307692308, 0.12435897435897436, 0.12564102564102564, 0.13076923076923078, 0.13589743589743591, 0.13846153846153847, 0.14102564102564102, 0.1423076923076923, 0.14871794871794872, 0.15256410256410258, 0.15384615384615385], "std": [0.00479699664971018, 0.009421114395319917, 0.010415433852097387, 0.009065471553673685, 0.009421114395319913, 0.011176663957796594, 0.01380811489008847, 0.01495115870473154, 0.013688561861578604, 0.009593993299420366, 0.00573350763461485, 0.007475579352365776, 0.012429948352349564, 0.012429948352349557, 0.008108404256841997]}, "prealgebra": {"mean": [0.1968553459119497, 0.23522012578616353, 0.2641509433962264, 0.2786163522012578, 0.2908805031446541, 0.2990566037735849, 0.3072327044025157, 0.31352201257861634, 0.31572327044025156, 0.3182389937106918, 0.32201257861635224, 0.32169811320754715, 0.32169811320754715, 0.3257861635220126, 0.3283018867924528], "std": [0.020462010672952762, 0.02173226734990062, 0.017309885464808657, 0.024019064721922397, 0.02338489615418642, 0.026579303910837026, 0.02648986124358828, 0.023837224727354996, 0.02442730375589742, 0.02398198234583348, 0.022923643985669928, 0.020587279626833845, 0.019066045775124673, 0.017772164969741874, 0.019420625983200636]}, "number": {"mean": [0.20321931589537226, 0.22012072434607646, 0.23541247484909458, 0.24788732394366195, 0.25875251509054326, 0.2627766599597586, 0.2704225352112676, 0.2688128772635815, 0.27525150905432594, 0.27565392354124746, 0.27645875251509056, 0.2772635814889336, 0.2808853118712274, 0.2804828973843059, 0.2804828973843058], "std": [0.009264277209836089, 0.01069241871676975, 0.00863082921107735, 0.012099232497684435, 0.011842204402062103, 0.01582261831093561, 0.017289779524298467, 0.015302336693626992, 0.015863503697727984, 0.01721468783598183, 0.01733654666280726, 0.016116687641449336, 0.01797851742751604, 0.016910987033763134, 0.019155944040904465]}, "geometry": {"mean": [0.04810126582278481, 0.054852320675105495, 0.06329113924050633, 0.07341772151898734, 0.07426160337552742, 0.07763713080168777, 0.07510548523206752, 0.07679324894514769, 0.07763713080168777, 0.08101265822784812, 0.0810126582278481, 0.0818565400843882, 0.08270042194092828, 0.08523206751054853, 0.08438818565400844], "std": [0.012111983202031495, 0.013607186073077723, 0.011321863177214125, 0.012686326057698654, 0.011509014090283426, 0.012402479710294572, 0.014953624596345442, 0.012908910160994387, 0.011509014090283425, 0.009768638736531839, 0.00725934621691361, 0.004302970053664795, 0.010872657153354537, 0.014469559662010334, 0.011632108651552928]}, "intermediate": {"mean": [0.0731610337972167, 0.08946322067594434, 0.09980119284294234, 0.11053677932405567, 0.11570576540755466, 0.11968190854870775, 0.12246520874751492, 0.12644135188866798, 0.12405566600397615, 0.12803180914512924, 0.12882703777335985, 0.13001988071570575, 0.131610337972167, 0.136779324055666, 0.13598409542743536], "std": [0.008283366463618156, 0.00880156804023008, 0.007481068676829735, 0.011288325699068302, 0.011413678007480974, 0.014738570968469696, 0.012859611633237558, 0.012548496093884295, 0.012229468389049463, 0.008011706433244488, 0.0076894948730869645, 0.007811881791009345, 0.00883741978961943, 0.010549899929559918, 0.00885529123312926]}, "algebra": {"mean": [0.12962542565266744, 0.16821793416572078, 0.18933030646992052, 0.20476730987514186, 0.218161180476731, 0.22656072644721906, 0.23473325766174802, 0.24108967082860389, 0.2488081725312145, 0.2549375709421112, 0.2592508513053348, 0.26288308740068106, 0.26424517593643587, 0.26674233825198634, 0.2674233825198638], "std": [0.01322543624393145, 0.016796023893842372, 0.017895330011365593, 0.019720253239940068, 0.016517566187133934, 0.013688820369290656, 0.015048184716618894, 0.01506871897868431, 0.012254592123737378, 0.011477162006596632, 0.010614002022756834, 0.009154072714486252, 0.005532829787493265, 0.0031291824635846254, 0.0051065706602506115]}}