{"counting": {"mean": [0.19931271477663232, 0.2405498281786942, 0.2584192439862543, 0.26735395189003436, 0.26872852233676975], "std": [0.012100905059559455, 0.0224816869193074, 0.020084727417460424, 0.014804576789373212, 0.021668567382040482]}, "precalculus": {"mean": [0.13205128205128203, 0.16538461538461538, 0.1794871794871795, 0.2, 0.20384615384615384], "std": [0.006537204504606135, 0.01831135494498167, 0.023984983248550907, 0.018754793382471532, 0.014840816542038752]}, "prealgebra": {"mean": [0.25345911949685535, 0.28679245283018867, 0.30974842767295596, 0.31761006289308175, 0.32327044025157237], "std": [0.006773792210232079, 0.01132075471698113, 0.015244276281183421, 0.017309885464808657, 0.02077852646123495]}, "number": {"mean": [0.23501006036217303, 0.2631790744466801, 0.2845070422535211, 0.2889336016096579, 0.29577464788732394], "std": [0.013126363324185188, 0.010601158850961358, 0.009573744268306098, 0.007906190223093955, 0.008724138184578987]}, "geometry": {"mean": [0.052320675105485236, 0.06329113924050632, 0.06919831223628693, 0.07172995780590717, 0.07679324894514769], "std": [0.008688295477626161, 0.012516790695520103, 0.01119535794212793, 0.0070604221648445185, 0.011446970435654461]}, "intermediate": {"mean": [0.10019880715705765, 0.11848906560636183, 0.12842942345924452, 0.13081510934393636, 0.12922465208747513], "std": [0.008397102219460387, 0.012293936249495272, 0.011968124805799138, 0.010322667980713456, 0.010368512771694073]}, "algebra": {"mean": [0.23087400681044268, 0.2590238365493757, 0.2765039727582293, 0.28535754824063564, 0.290805902383655], "std": [0.004222718555672707, 0.01178291874902246, 0.007128407931036349, 0.007306913479877903, 0.006825560217195418]}}