{"counting": {"mean": [0.15670103092783502, 0.22955326460481099, 0.2707903780068729, 0.2982817869415807, 0.31890034364261166, 0.3360824742268041, 0.34776632302405497, 0.36426116838487976, 0.3759450171821306, 0.3903780068728523, 0.4034364261168385, 0.41512027491408937, 0.4213058419243986, 0.42955326460481097, 0.443298969072165], "std": [0.023164672915948755, 0.018235737678930032, 0.013814262022159315, 0.023448415270421966, 0.024143186350859516, 0.016608997901848215, 0.01899694152726495, 0.0145795212615783, 0.018771821695873072, 0.012022581226485165, 0.015151482945050584, 0.01972879738062863, 0.017869415807560133, 0.014416616469692797, 0.009719680841052205]}, "precalculus": {"mean": [0.05641025641025641, 0.10128205128205128, 0.12435897435897436, 0.15128205128205127, 0.17948717948717946, 0.19102564102564104, 0.19615384615384615, 0.2076923076923077, 0.2230769230769231, 0.2384615384615385, 0.2512820512820513, 0.26282051282051283, 0.27564102564102566, 0.2858974358974359, 0.2948717948717949], "std": [0.00479699664971018, 0.014840816542038749, 0.011889254481404746, 0.013199525821778206, 0.01072641059659072, 0.010256410256410251, 0.011889254481404746, 0.014390989949130545, 0.013688561861578605, 0.01739058970032119, 0.01427631887905134, 0.01344626728423272, 0.011467015269229693, 0.009593993299420369, 0.010726410596590706]}, "prealgebra": {"mean": [0.1968553459119497, 0.29465408805031446, 0.3468553459119496, 0.3858490566037736, 0.41572327044025154, 0.44088050314465416, 0.45691823899371065, 0.47452830188679246, 0.48962264150943396, 0.5044025157232704, 0.5141509433962265, 0.530188679245283, 0.5380503144654087, 0.54937106918239, 0.560377358490566], "std": [0.020462010672952762, 0.022645876587910476, 0.023712443423281573, 0.027353068211298924, 0.030024448458566076, 0.03170647289186785, 0.03156581155051472, 0.03076943995571712, 0.032779908001353414, 0.03247378778220273, 0.03130471160942093, 0.030640616111979345, 0.033434047446545934, 0.03409594004636427, 0.03299040402365635]}, "number": {"mean": [0.20321931589537226, 0.2684104627766599, 0.3130784708249498, 0.3476861167002012, 0.37424547283702214, 0.3995975855130785, 0.41448692152917505, 0.43138832997987925, 0.4442655935613682, 0.4571428571428572, 0.4676056338028169, 0.47444668008048285, 0.48329979879275653, 0.49255533199195173, 0.4985915492957746], "std": [0.009264277209836089, 0.014763731450981194, 0.019240294708864278, 0.026060804601516583, 0.03383633482427028, 0.0361412122644953, 0.03789966898340798, 0.040072078179491696, 0.038036152590477566, 0.03921012444108423, 0.04051416643429607, 0.038753162792767776, 0.04018910076055177, 0.040027600807430834, 0.04329276718802681]}, "geometry": {"mean": [0.04810126582278481, 0.08607594936708862, 0.1139240506329114, 0.13755274261603376, 0.15949367088607597, 0.17721518987341772, 0.19324894514767932, 0.20253164556962028, 0.21772151898734177, 0.2278481012658228, 0.23966244725738398, 0.2481012658227848, 0.259915611814346, 0.2683544303797468, 0.280168776371308], "std": [0.012111983202031495, 0.00868829547762616, 0.008850707579494951, 0.013763296565654086, 0.008181738155976925, 0.009244262573926862, 0.014221349828145753, 0.017901437498393607, 0.018603719565441858, 0.01809924944263901, 0.019500793262938985, 0.025372652115397305, 0.021113917304973504, 0.01821690560752987, 0.02042821677115646]}, "intermediate": {"mean": [0.0731610337972167, 0.10815109343936383, 0.13757455268389662, 0.1614314115308151, 0.1749502982107356, 0.18846918489065606, 0.205168986083499, 0.21868787276341947, 0.22664015904572565, 0.23697813121272365, 0.24811133200795227, 0.2548707753479125, 0.26560636182902586, 0.2747514910536779, 0.2834990059642147], "std": [0.008283366463618156, 0.005843713104055295, 0.010549899929559917, 0.011274311633207015, 0.009239721700693638, 0.013151360165837955, 0.012345268148119298, 0.01225529622856655, 0.012822676339242221, 0.010011672613927778, 0.008187379833786878, 0.010772339709060883, 0.00945954453548336, 0.0055381265515642665, 0.007288390767325383]}, "algebra": {"mean": [0.12962542565266744, 0.20022701475595914, 0.24063564131668555, 0.27355278093076046, 0.2985244040862656, 0.3198637911464245, 0.3402951191827469, 0.361861520998865, 0.37775255391600454, 0.3913734392735528, 0.4020431328036322, 0.4113507377979569, 0.42270147559591376, 0.42973893303064703, 0.43723041997729856], "std": [0.01322543624393145, 0.015803227499620532, 0.017744946420760774, 0.018004431381519508, 0.01417706696571713, 0.014147955914536109, 0.014525396842720901, 0.012929880468465969, 0.010920330052945, 0.009343525823953078, 0.006672843794188, 0.005495445374306571, 0.004847708627482997, 0.00510657066025062, 0.0051467804988670415]}}