{"counting": [0.17869415807560138, 0.23711340206185566, 0.2920962199312715, 0.31958762886597936, 0.3436426116838488, 0.3539518900343643, 0.36082474226804123, 0.3711340206185567, 0.3917525773195876, 0.39862542955326463, 0.41237113402061853, 0.41580756013745707, 0.41924398625429554, 0.436426116838488, 0.44329896907216493, 0.44329896907216493, 0.44329896907216493, 0.4536082474226804, 0.4536082474226804, 0.46048109965635736, 0.4639175257731959, 0.4639175257731959, 0.46735395189003437, 0.47079037800687284, 0.48109965635738833, 0.48109965635738833, 0.48109965635738833, 0.4879725085910653, 0.4948453608247423, 0.5120274914089347, 0.5189003436426117, 0.5223367697594502, 0.5223367697594502, 0.5292096219931272, 0.5360824742268041, 0.5360824742268041, 0.5395189003436426, 0.5429553264604811, 0.5463917525773195, 0.5498281786941581, 0.5498281786941581, 0.5498281786941581, 0.5498281786941581, 0.5498281786941581, 0.5532646048109966, 0.5532646048109966, 0.5601374570446735, 0.563573883161512, 0.5670103092783505, 0.5670103092783505, 0.5670103092783505, 0.5670103092783505, 0.5773195876288659, 0.5773195876288659, 0.5807560137457045, 0.584192439862543, 0.5979381443298969, 0.5979381443298969, 0.6013745704467354, 0.6013745704467354, 0.6013745704467354, 0.6013745704467354, 0.6048109965635738, 0.6082474226804123, 0.6082474226804123, 0.6116838487972509, 0.6185567010309279, 0.6254295532646048, 0.6254295532646048, 0.6288659793814433, 0.6288659793814433, 0.6323024054982818, 0.6357388316151202, 0.6357388316151202, 0.6391752577319587], "precalculus": [0.057692307692307696, 0.10256410256410256, 0.11538461538461539, 0.15384615384615385, 0.19230769230769232, 0.1987179487179487, 0.20512820512820512, 0.22435897435897437, 0.23076923076923078, 0.23076923076923078, 0.25, 0.25, 0.2692307692307692, 0.28205128205128205, 0.2948717948717949, 0.3076923076923077, 0.3141025641025641, 0.3141025641025641, 0.3269230769230769, 0.3269230769230769, 0.3269230769230769, 0.3269230769230769, 0.3269230769230769, 0.33974358974358976, 0.3525641025641026, 0.358974358974359, 0.358974358974359, 0.358974358974359, 0.36538461538461536, 0.3717948717948718, 0.3782051282051282, 0.3782051282051282, 0.3782051282051282, 0.3782051282051282, 0.3782051282051282, 0.3782051282051282, 0.3782051282051282, 0.38461538461538464, 0.38461538461538464, 0.38461538461538464, 0.391025641025641, 0.3974358974358974, 0.40384615384615385, 0.41025641025641024, 0.41025641025641024, 0.41025641025641024, 0.4166666666666667, 0.4230769230769231, 0.4230769230769231, 0.42948717948717946, 0.42948717948717946, 0.42948717948717946, 0.42948717948717946, 0.42948717948717946, 0.4423076923076923, 0.4423076923076923, 0.44871794871794873, 0.46153846153846156, 0.46153846153846156, 0.46153846153846156, 0.46153846153846156, 0.46153846153846156, 0.46153846153846156, 0.46153846153846156, 0.46153846153846156, 0.46153846153846156, 0.46153846153846156, 0.46153846153846156, 0.46153846153846156, 0.46153846153846156, 0.46794871794871795, 0.47435897435897434, 0.4807692307692308, 0.48717948717948717, 0.4935897435897436], "prealgebra": [0.19654088050314467, 0.3113207547169811, 0.3663522012578616, 0.4119496855345912, 0.4418238993710692, 0.4669811320754717, 0.4921383647798742, 0.5125786163522013, 0.5330188679245284, 0.550314465408805, 0.5550314465408805, 0.5660377358490566, 0.5817610062893082, 0.5849056603773585, 0.5927672955974843, 0.6053459119496856, 0.6116352201257862, 0.6132075471698113, 0.6226415094339622, 0.6257861635220126, 0.6305031446540881, 0.6336477987421384, 0.639937106918239, 0.6415094339622641, 0.6446540880503144, 0.6477987421383647, 0.6588050314465409, 0.6635220125786163, 0.6682389937106918, 0.6698113207547169, 0.6713836477987422, 0.6729559748427673, 0.6745283018867925, 0.6792452830188679, 0.6855345911949685, 0.6855345911949685, 0.6871069182389937, 0.6933962264150944, 0.6965408805031447, 0.699685534591195, 0.7028301886792453, 0.7059748427672956, 0.7075471698113207, 0.7091194968553459, 0.710691823899371, 0.710691823899371, 0.7122641509433962, 0.7122641509433962, 0.7138364779874213, 0.7169811320754716, 0.7185534591194969, 0.720125786163522, 0.720125786163522, 0.720125786163522, 0.7232704402515723, 0.7279874213836478, 0.7295597484276729, 0.7311320754716981, 0.7327044025157232, 0.7327044025157232, 0.7327044025157232, 0.7342767295597484, 0.7342767295597484, 0.7342767295597484, 0.7342767295597484, 0.7342767295597484, 0.7342767295597484, 0.7358490566037735, 0.7358490566037735, 0.7374213836477987, 0.7389937106918238, 0.7389937106918238, 0.7405660377358491, 0.7405660377358491, 0.7405660377358491], "number": [0.2052313883299799, 0.2676056338028169, 0.31388329979879276, 0.3460764587525151, 0.3702213279678068, 0.40040241448692154, 0.4164989939637827, 0.4426559356136821, 0.448692152917505, 0.4647887323943662, 0.48088531187122735, 0.48893360160965793, 0.4969818913480885, 0.5070422535211268, 0.5130784708249497, 0.5251509054325956, 0.5372233400402414, 0.5392354124748491, 0.545271629778672, 0.5533199195171026, 0.5633802816901409, 0.5694164989939637, 0.5694164989939637, 0.5714285714285714, 0.5754527162977867, 0.579476861167002, 0.5835010060362174, 0.5855130784708249, 0.5975855130784709, 0.6016096579476862, 0.6036217303822937, 0.613682092555332, 0.6217303822937625, 0.6297786720321932, 0.641851106639839, 0.6498993963782697, 0.6539235412474849, 0.6539235412474849, 0.6559356136820925, 0.6599597585513078, 0.6619718309859155, 0.6639839034205232, 0.6639839034205232, 0.6639839034205232, 0.6680080482897385, 0.6680080482897385, 0.6680080482897385, 0.6720321931589537, 0.6740442655935613, 0.6740442655935613, 0.6740442655935613, 0.6740442655935613, 0.6740442655935613, 0.6740442655935613, 0.6740442655935613, 0.6740442655935613, 0.6740442655935613, 0.6740442655935613, 0.676056338028169, 0.676056338028169, 0.676056338028169, 0.676056338028169, 0.6780684104627767, 0.682092555331992, 0.682092555331992, 0.6841046277665996, 0.6841046277665996, 0.6881287726358148, 0.6901408450704225, 0.6901408450704225, 0.6941649899396378, 0.6941649899396378, 0.6941649899396378, 0.6941649899396378, 0.6941649899396378], "geometry": [0.06751054852320675, 0.10126582278481013, 0.12236286919831224, 0.14345991561181434, 0.15611814345991562, 0.16455696202531644, 0.17721518987341772, 0.1940928270042194, 0.2109704641350211, 0.22362869198312235, 0.23628691983122363, 0.23628691983122363, 0.25738396624472576, 0.2742616033755274, 0.2911392405063291, 0.29535864978902954, 0.3037974683544304, 0.31645569620253167, 0.3333333333333333, 0.33755274261603374, 0.3459915611814346, 0.35864978902953587, 0.35864978902953587, 0.37130801687763715, 0.37130801687763715, 0.379746835443038, 0.3881856540084388, 0.3924050632911392, 0.3924050632911392, 0.4050632911392405, 0.41350210970464135, 0.42616033755274263, 0.43037974683544306, 0.43037974683544306, 0.43037974683544306, 0.4388185654008439, 0.4430379746835443, 0.45569620253164556, 0.459915611814346, 0.459915611814346, 0.4641350210970464, 0.46835443037974683, 0.4767932489451477, 0.4767932489451477, 0.4810126582278481, 0.4810126582278481, 0.48945147679324896, 0.48945147679324896, 0.5021097046413502, 0.5063291139240507, 0.510548523206751, 0.5189873417721519, 0.5189873417721519, 0.5189873417721519, 0.5232067510548524, 0.5274261603375527, 0.5316455696202531, 0.5316455696202531, 0.5358649789029536, 0.5358649789029536, 0.5358649789029536, 0.5358649789029536, 0.5358649789029536, 0.5358649789029536, 0.5443037974683544, 0.5443037974683544, 0.5443037974683544, 0.5443037974683544, 0.5485232067510548, 0.5485232067510548, 0.5485232067510548, 0.5485232067510548, 0.5485232067510548, 0.5485232067510548, 0.5485232067510548],