{"counting": [0.17869415807560138, 0.19931271477663232, 0.21305841924398625, 0.21993127147766323, 0.22336769759450173, 0.21993127147766323, 0.21649484536082475, 0.21305841924398625, 0.21993127147766323, 0.23024054982817868, 0.22336769759450173, 0.21993127147766323, 0.23367697594501718, 0.24398625429553264, 0.24054982817869416, 0.24054982817869416, 0.24398625429553264, 0.24398625429553264, 0.24398625429553264, 0.23367697594501718, 0.23711340206185566, 0.24054982817869416, 0.23711340206185566, 0.2268041237113402, 0.23024054982817868, 0.23024054982817868, 0.23367697594501718, 0.23024054982817868, 0.2268041237113402, 0.23024054982817868, 0.23367697594501718, 0.23711340206185566, 0.23711340206185566, 0.24054982817869416, 0.24054982817869416, 0.23711340206185566, 0.24054982817869416, 0.24054982817869416, 0.23711340206185566, 0.23711340206185566, 0.23711340206185566, 0.23367697594501718, 0.23711340206185566, 0.23711340206185566, 0.23367697594501718, 0.23367697594501718, 0.23367697594501718, 0.23367697594501718, 0.23367697594501718, 0.23367697594501718, 0.24054982817869416, 0.24054982817869416, 0.24054982817869416, 0.23711340206185566, 0.24054982817869416, 0.24054982817869416, 0.23711340206185566, 0.24054982817869416, 0.24054982817869416, 0.24054982817869416, 0.24054982817869416, 0.24054982817869416, 0.23711340206185566, 0.23711340206185566, 0.23711340206185566, 0.23367697594501718, 0.23367697594501718, 0.23367697594501718, 0.23367697594501718, 0.23711340206185566, 0.24054982817869416, 0.24742268041237114, 0.24742268041237114, 0.24742268041237114, 0.2508591065292096], "precalculus": [0.057692307692307696, 0.09615384615384616, 0.10256410256410256, 0.10256410256410256, 0.14102564102564102, 0.1282051282051282, 0.12179487179487179, 0.1282051282051282, 0.14102564102564102, 0.1346153846153846, 0.1346153846153846, 0.1346153846153846, 0.1346153846153846, 0.1346153846153846, 0.14743589743589744, 0.1346153846153846, 0.14102564102564102, 0.14102564102564102, 0.14102564102564102, 0.14102564102564102, 0.14102564102564102, 0.1346153846153846, 0.14743589743589744, 0.15384615384615385, 0.16666666666666666, 0.17307692307692307, 0.17307692307692307, 0.16666666666666666, 0.17307692307692307, 0.17307692307692307, 0.1794871794871795, 0.1858974358974359, 0.1794871794871795, 0.1858974358974359, 0.1794871794871795, 0.1794871794871795, 0.1794871794871795, 0.1794871794871795, 0.17307692307692307, 0.15384615384615385, 0.16025641025641027, 0.16666666666666666, 0.1858974358974359, 0.1858974358974359, 0.1858974358974359, 0.1858974358974359, 0.1794871794871795, 0.1858974358974359, 0.16666666666666666, 0.16666666666666666, 0.16666666666666666, 0.17307692307692307, 0.17307692307692307, 0.1794871794871795, 0.1794871794871795, 0.1794871794871795, 0.1794871794871795, 0.17307692307692307, 0.17307692307692307, 0.17307692307692307, 0.16666666666666666, 0.16666666666666666, 0.17307692307692307, 0.16666666666666666, 0.16025641025641027, 0.16025641025641027, 0.16666666666666666, 0.16025641025641027, 0.15384615384615385, 0.15384615384615385, 0.15384615384615385, 0.16025641025641027, 0.16025641025641027, 0.16025641025641027, 0.16025641025641027], "prealgebra": [0.19654088050314467, 0.24371069182389937, 0.27358490566037735, 0.2971698113207547, 0.31446540880503143, 0.3191823899371069, 0.31761006289308175, 0.32861635220125784, 0.330188679245283, 0.33176100628930816, 0.3380503144654088, 0.3333333333333333, 0.33647798742138363, 0.3380503144654088, 0.34591194968553457, 0.3380503144654088, 0.3380503144654088, 0.34276729559748426, 0.3443396226415094, 0.3522012578616352, 0.34591194968553457, 0.3474842767295597, 0.3490566037735849, 0.3490566037735849, 0.35062893081761004, 0.3522012578616352, 0.35062893081761004, 0.3474842767295597, 0.34591194968553457, 0.34276729559748426, 0.3522012578616352, 0.35377358490566035, 0.35062893081761004, 0.3522012578616352, 0.3522012578616352, 0.35377358490566035, 0.35377358490566035, 0.35377358490566035, 0.35691823899371067, 0.3490566037735849, 0.3522012578616352, 0.35377358490566035, 0.3522012578616352, 0.3522012578616352, 0.35062893081761004, 0.3490566037735849, 0.3474842767295597, 0.3474842767295597, 0.3490566037735849, 0.3474842767295597, 0.3474842767295597, 0.3490566037735849, 0.3490566037735849, 0.3474842767295597, 0.3474842767295597, 0.35062893081761004, 0.35062893081761004, 0.3490566037735849, 0.3490566037735849, 0.35062893081761004, 0.3490566037735849, 0.3490566037735849, 0.3474842767295597, 0.3474842767295597, 0.34591194968553457, 0.3474842767295597, 0.3490566037735849, 0.3474842767295597, 0.3474842767295597, 0.34591194968553457, 0.3443396226415094, 0.3474842767295597, 0.3490566037735849, 0.3474842767295597, 0.3490566037735849], "number": [0.2052313883299799, 0.22736418511066397, 0.23340040241448692, 0.2454728370221328, 0.2655935613682093, 0.2716297786720322, 0.2776659959758551, 0.2655935613682093, 0.26961770623742454, 0.27565392354124746, 0.27565392354124746, 0.2776659959758551, 0.2796780684104628, 0.2796780684104628, 0.28169014084507044, 0.289738430583501, 0.289738430583501, 0.2857142857142857, 0.2796780684104628, 0.27565392354124746, 0.2837022132796781, 0.28169014084507044, 0.28169014084507044, 0.2796780684104628, 0.26961770623742454, 0.28169014084507044, 0.2796780684104628, 0.2796780684104628, 0.2837022132796781, 0.2857142857142857, 0.28772635814889336, 0.289738430583501, 0.28772635814889336, 0.2917505030181087, 0.2917505030181087, 0.28772635814889336, 0.289738430583501, 0.289738430583501, 0.289738430583501, 0.289738430583501, 0.2857142857142857, 0.2837022132796781, 0.2837022132796781, 0.2857142857142857, 0.2937625754527163, 0.2937625754527163, 0.2917505030181087, 0.28772635814889336, 0.2837022132796781, 0.28169014084507044, 0.2796780684104628, 0.2776659959758551, 0.2837022132796781, 0.2837022132796781, 0.2837022132796781, 0.28169014084507044, 0.2837022132796781, 0.2857142857142857, 0.28772635814889336, 0.2796780684104628, 0.2776659959758551, 0.2796780684104628, 0.2796780684104628, 0.28169014084507044, 0.2837022132796781, 0.28169014084507044, 0.28169014084507044, 0.2796780684104628, 0.2796780684104628, 0.2776659959758551, 0.2796780684104628, 0.28169014084507044, 0.2776659959758551, 0.2776659959758551, 0.27565392354124746], "geometry": [0.06751054852320675, 0.0759493670886076, 0.0759493670886076, 0.08860759493670886, 0.09282700421940929, 0.08860759493670886, 0.08016877637130802, 0.08438818565400844, 0.09282700421940929, 0.09282700421940929, 0.09282700421940929, 0.08860759493670886, 0.09282700421940929, 0.0970464135021097, 0.08438818565400844, 0.08860759493670886, 0.08438818565400844, 0.08860759493670886, 0.09282700421940929, 0.10126582278481013, 0.0970464135021097, 0.09282700421940929, 0.10126582278481013, 0.09282700421940929, 0.08438818565400844, 0.08438818565400844, 0.09282700421940929, 0.09282700421940929, 0.0970464135021097, 0.09282700421940929, 0.08016877637130802, 0.08016877637130802, 0.08438818565400844, 0.08016877637130802, 0.0759493670886076, 0.08016877637130802, 0.0759493670886076, 0.07172995780590717, 0.06751054852320675, 0.06751054852320675, 0.07172995780590717, 0.07172995780590717, 0.07172995780590717, 0.0759493670886076, 0.0759493670886076, 0.07172995780590717, 0.07172995780590717, 0.07172995780590717, 0.07172995780590717, 0.0759493670886076, 0.0759493670886076, 0.06751054852320675, 0.07172995780590717, 0.06329113924050633, 0.06329113924050633, 0.06329113924050633, 0.06329113924050633, 0.06329113924050633, 0.06329113924050633, 0.06329113924050633, 0.06329113924050633, 0.06751054852320675, 0.06751054852320675, 0.07172995780590717, 0.06751054852320675, 0.06751054852320675, 0.06751054852320675, 0.06751054852320675, 0.06751054852320675, 0.06751054852320675, 0.07172995780590717, 0.06751054852320675, 0.07172995780590717, 0.07172995780590717, 0.06751054852320675],