{"counting": [0.18556701030927836, 0.19243986254295534, 0.21305841924398625, 0.21649484536082475, 0.23367697594501718, 0.24398625429553264, 0.2508591065292096, 0.24742268041237114, 0.24742268041237114, 0.2542955326460481, 0.25773195876288657, 0.25773195876288657, 0.25773195876288657, 0.2646048109965636, 0.2646048109965636, 0.26804123711340205, 0.27147766323024053, 0.26804123711340205, 0.26804123711340205, 0.27147766323024053, 0.27147766323024053, 0.27491408934707906, 0.27835051546391754, 0.27835051546391754, 0.27491408934707906], "precalculus": [0.1346153846153846, 0.1346153846153846, 0.1346153846153846, 0.14102564102564102, 0.1346153846153846, 0.14102564102564102, 0.14102564102564102, 0.16666666666666666, 0.16666666666666666, 0.15384615384615385, 0.14743589743589744, 0.16025641025641027, 0.15384615384615385, 0.15384615384615385, 0.17307692307692307, 0.1794871794871795, 0.1858974358974359, 0.1794871794871795, 0.17307692307692307, 0.1794871794871795, 0.1794871794871795, 0.1858974358974359, 0.1987179487179487, 0.21153846153846154, 0.21153846153846154], "prealgebra": [0.2468553459119497, 0.25471698113207547, 0.24213836477987422, 0.25943396226415094, 0.26572327044025157, 0.26572327044025157, 0.27044025157232704, 0.27044025157232704, 0.27044025157232704, 0.2783018867924528, 0.2783018867924528, 0.2830188679245283, 0.2830188679245283, 0.2893081761006289, 0.2908805031446541, 0.29245283018867924, 0.3050314465408805, 0.3128930817610063, 0.31446540880503143, 0.32075471698113206, 0.3223270440251572, 0.3160377358490566, 0.3113207547169811, 0.31761006289308175, 0.31761006289308175], "number": [0.22937625754527163, 0.2454728370221328, 0.2535211267605634, 0.2575452716297787, 0.2635814889336016, 0.2837022132796781, 0.28772635814889336, 0.2937625754527163, 0.2857142857142857, 0.2837022132796781, 0.2917505030181087, 0.2857142857142857, 0.28772635814889336, 0.29577464788732394, 0.3118712273641851, 0.30784708249496984, 0.2977867203219316, 0.29577464788732394, 0.2977867203219316, 0.30181086519114686, 0.3038229376257545, 0.30181086519114686, 0.29979879275653926, 0.29979879275653926, 0.29577464788732394], "geometry": [0.06329113924050633, 0.07172995780590717, 0.05907172995780591, 0.07172995780590717, 0.06751054852320675, 0.05907172995780591, 0.05485232067510549, 0.05063291139240506, 0.05485232067510549, 0.05485232067510549, 0.05907172995780591, 0.06329113924050633, 0.06329113924050633, 0.06329113924050633, 0.06329113924050633, 0.06751054852320675, 0.06751054852320675, 0.06751054852320675, 0.05907172995780591, 0.06329113924050633, 0.06329113924050633, 0.06329113924050633, 0.06329113924050633, 0.05907172995780591, 0.05907172995780591], "intermediate": [0.09741550695825049, 0.09343936381709742, 0.09542743538767395, 0.09542743538767395, 0.10337972166998012, 0.09741550695825049, 0.10934393638170974, 0.11530815109343936, 0.1073558648111332, 0.11133200795228629, 0.11133200795228629, 0.11530815109343936, 0.11928429423459244, 0.11530815109343936, 0.11332007952286283, 0.11133200795228629, 0.10934393638170974, 0.1073558648111332, 0.10934393638170974, 0.1073558648111332, 0.1073558648111332, 0.10934393638170974, 0.1073558648111332, 0.10536779324055666, 0.10139165009940358], "algebra": [0.23496027241770714, 0.246311010215664, 0.2599318955732123, 0.25879682179341656, 0.264472190692395, 0.25879682179341656, 0.2656072644721907, 0.27014755959137343, 0.2667423382519864, 0.2758229284903519, 0.2758229284903519, 0.27128263337116915, 0.2735527809307605, 0.2814982973893303, 0.2814982973893303, 0.2849035187287174, 0.28717366628830876, 0.2849035187287174, 0.28376844494892167, 0.28376844494892167, 0.2814982973893303, 0.2758229284903519, 0.27809307604994327, 0.27695800227014755, 0.27128263337116915]}