{"counting": [0.18556701030927836, 0.23024054982817868, 0.2508591065292096, 0.26804123711340205, 0.27147766323024053, 0.27835051546391754, 0.27147766323024053, 0.281786941580756, 0.281786941580756, 0.281786941580756, 0.2852233676975945, 0.29553264604810997, 0.29553264604810997, 0.28865979381443296, 0.28865979381443296, 0.29553264604810997, 0.29553264604810997, 0.29896907216494845, 0.29553264604810997, 0.29896907216494845, 0.3024054982817869, 0.29896907216494845, 0.3024054982817869, 0.2920962199312715, 0.29553264604810997], "precalculus": [0.1346153846153846, 0.16666666666666666, 0.16666666666666666, 0.17307692307692307, 0.1858974358974359, 0.19230769230769232, 0.1987179487179487, 0.21153846153846154, 0.22435897435897437, 0.20512820512820512, 0.21153846153846154, 0.21153846153846154, 0.20512820512820512, 0.23076923076923078, 0.23717948717948717, 0.23717948717948717, 0.23717948717948717, 0.24358974358974358, 0.23717948717948717, 0.24358974358974358, 0.25, 0.25, 0.25, 0.25, 0.24358974358974358], "prealgebra": [0.2468553459119497, 0.2688679245283019, 0.28459119496855345, 0.2908805031446541, 0.2971698113207547, 0.3128930817610063, 0.30660377358490565, 0.30974842767295596, 0.3160377358490566, 0.32075471698113206, 0.3223270440251572, 0.3191823899371069, 0.3191823899371069, 0.32075471698113206, 0.3223270440251572, 0.32547169811320753, 0.32861635220125784, 0.3223270440251572, 0.33490566037735847, 0.3333333333333333, 0.33647798742138363, 0.32861635220125784, 0.3270440251572327, 0.3270440251572327, 0.32547169811320753], "number": [0.22937625754527163, 0.2595573440643863, 0.289738430583501, 0.29577464788732394, 0.3058350100603622, 0.30181086519114686, 0.30181086519114686, 0.3058350100603622, 0.3058350100603622, 0.30985915492957744, 0.30985915492957744, 0.3058350100603622, 0.30784708249496984, 0.30784708249496984, 0.3118712273641851, 0.3118712273641851, 0.3118712273641851, 0.3118712273641851, 0.30784708249496984, 0.3038229376257545, 0.30784708249496984, 0.3038229376257545, 0.30784708249496984, 0.30784708249496984, 0.30784708249496984], "geometry": [0.06329113924050633, 0.06751054852320675, 0.06329113924050633, 0.07172995780590717, 0.0759493670886076, 0.06751054852320675, 0.0759493670886076, 0.0759493670886076, 0.06751054852320675, 0.07172995780590717, 0.06751054852320675, 0.07172995780590717, 0.0759493670886076, 0.0759493670886076, 0.07172995780590717, 0.07172995780590717, 0.0759493670886076, 0.08016877637130802, 0.07172995780590717, 0.0759493670886076, 0.07172995780590717, 0.07172995780590717, 0.06751054852320675, 0.07172995780590717, 0.0759493670886076], "intermediate": [0.09741550695825049, 0.09940357852882704, 0.10934393638170974, 0.1172962226640159, 0.1172962226640159, 0.10934393638170974, 0.11133200795228629, 0.1172962226640159, 0.1172962226640159, 0.12524850894632206, 0.1312127236580517, 0.13518886679920478, 0.1312127236580517, 0.13518886679920478, 0.13717693836978131, 0.13916500994035785, 0.13518886679920478, 0.13518886679920478, 0.13717693836978131, 0.13518886679920478, 0.13518886679920478, 0.13916500994035785, 0.13916500994035785, 0.13717693836978131, 0.13717693836978131], "algebra": [0.23496027241770714, 0.264472190692395, 0.2883087400681044, 0.2973893303064699, 0.3030646992054484, 0.2996594778660613, 0.2985244040862656, 0.30419977298524403, 0.30192962542565266, 0.30533484676503975, 0.3132803632236095, 0.31214528944381387, 0.3098751418842225, 0.3132803632236095, 0.3098751418842225, 0.3087400681044268, 0.3076049943246311, 0.3064699205448354, 0.3076049943246311, 0.3098751418842225, 0.3076049943246311, 0.3087400681044268, 0.31441543700340524, 0.3178206583427923, 0.3166855845629966]}